index,count
Laufey,143
Katseye,135
Beabadoobee,128
Sabrina Carpenter,128
Chappell Roan,125
"Tyler, The Creator",103
Wave to Earth,88
Grent Perez,86
The Marías,83
Kendrick Lamar,82
Keshi,79
SZA,78
Gracie Abrams,78
Wallows,69
Bruno Mars,64
Clairo,62
Dominic Fike,61
Don Toliver,59
Travis Scott,52
NIKI,50
Charli XCX,47
The Weeknd,42
Daniel Caesar,41
Tate McRae,40
Olivia Rodrigo,40
Malcolm Todd,37
Drake,37
Playboi Carti,35
Noah Kahan,35
Knock2,34
aespa,34
Omar Apollo,33
Joji,33
Kali Uchis,33
Lana Del Rey,33
JPEGMAFIA,33
Role Model,32
isoknock,31
Faye Webster,30
Brent Faiyaz,30
isoxo,29
Kaytranada,28
PinkPantheress,28
Kiss of Life,27
Ken Carson,27
Billie Eilish,27
Chase Atlantic,25
Frank Ocean,25
LE SSERAFIM,25
Zedd,25
Steve Lacy,25
IDK,24
Lauv,24
Taylor Swift,24
Illenium,24
The Driver Era,24
Conan Gray,23
Baby Keem,23
TV Girl,23
Pitbull,22
Doechii,22
John Summit,21
Lizzy McAlpine,21
Mike Sherm,21
Doja Cat,20
Magdalena Bay,20
D4VD,20
Peso Pluma,20
Troye Sivan,20
Hozier,20
DPR Ian,19
Blood Orange,19
New Jeans,19
Renee Rapp,19
Jhene Aiko,19
Blxst,19
Lyn Lapid,18
J. Cole,18
Victoria Monét,18
Kehlani,17
Mac DeMarco,17
Tinashe,17
Tame Impala,17
Thee Sacred Souls,17
Artist,17
Dom Dolla,17
Porter Robinson,17
Rex Orange County,16
Dabin,16
Fred again..,16
Lil Tecca,16
Tyla,15
Del Water Gap,15
Thuy,15
TOMORROW X TOGETHER,15
Hatsune Miku,15
Bryson Tiller,15
Zach Bryan,15
Remi Wolf,15
JID,15
NewJeans,14
Luke Chiang,14
Arctic Monkeys,14
William Black,14
Any Kpop,14
Lucki,14
Childish Gambino,14
Flo Milli,14
Glass Animals,14
Fuerza Regida,13
XG,13
Denzel Curry,13
Cuco,13
The Kid LAROI,13
Benson Boone,13
COIN,13
Vince Staples,13
Aminé,13
SLANDER,13
KSI,12
The Strokes,12
Cigarettes After Sex,12
bbno$,12
SEVENTEEN,12
Kanye West,11
Wasia Project,11
Still Woozy,11
PartyNextDoor,11
Rocco,11
Flo,11
Pierce the Veil,11
Djo,11
Yeat,11
A$AP Rocky,10
Lil Uzi Vert,10
Metro Boomin,10
Smino,10
Yuno Miles,10
The Backseat Lovers,10
Bladee,10
Snow Strippers,10
Future,10
Flipturn,10
Mitski,10
Dijon,9
Jay Park,9
Megan Thee Stallion,9
Ravyn Lenae,9
Cage the Elephant,9
Shawn Mendes,9
Rina Sawayama,9
Kesha,9
YOASOBI,9
ENHYPEN,9
Backseat Lovers,9
Bad Bunny,9
Junior H,9
Rauw Alejandro,9
Hojean,8
Weston Estate,8
Anderson .Paak,8
EAJ,8
Post Malone,8
Men I Trust,8
Phoebe Bridgers,8
Khalid,8
Peach Pit,8
Nav,8
ATEEZ,8
Paramore,8
Destroy Lonely,8
Friday Pilots Club,8
Suki Waterhouse,7
Set It Off,7
The Chainsmokers,7
Måneskin,7
Karol G,7
Deftones,7
Linkin Park,7
Subtronics,7
Japanese Breakfast,7
Fisher,7
Nueve Lio,7
Between Friends,7
Ricky Montgomery,7
GloRilla,7
Ice Spice,7
Big Time Rush,7
2Hollis,7
Young Miko,7
BTS,7
P1Harmony,7
Joey Bada$$,7
Girl in Red,7
JVKE,7
Dayglow,7
The Dare,7
Julie,7
Stray Kids,7
Ian,7
Halsey,7
Kanye,7
Coldplay,6
ARMNHMR,6
Imagine Dragons,6
Finneas,6
Giveon,6
Jackson Wang,6
Alex G,6
Yung Lean,6
Jean Dawson,6
5 Seconds of Summer,6
21 Savage,6
Morgan Wallen,6
Bixby,6
Rich Brian,6
TWICE,6
Declan McKenna,6
SexyY Red,6
Teezo Touchdown,6
Stephen Sanchez,6
Feid,6
Lil Yachty,6
Maisie Peters,6
UMI,6
Jungle,6
mxmtoon,5
The Japanese House,5
DPR Live,5
Half Alive,5
Students,5
Ski Mask the Slump God,5
Alice Phoebe Lou,5
Summer Walker,5
Tems,5
Wooli,5
Luna Li,5
Sunkis,5
Vacations,5
Willow,5
Rose from BLACKPINK,5
Bibi,5
Leon Thomas,5
Danny Ocean,5
Good Kid,5
Eminem,5
Riize,5
Calvin Harris,5
Adele,5
Shygirl,5
Madison Beer,5
System of a Down,5
Starfall,5
Lady Gaga,5
Raye,5
Mico,5
Ruel,5
Mkgee,5
Aurora,5
King Krule,5
Junny,5
The Rose,5
Gunna,4
Justin Bieber,4
NMIXX,4
MUNA,4
Jack Johnson,4
Isaiah Rashad,4
Bakar,4
Amaarae,4
My Chemical Romance,4
Jesse Barrera,4
Mother Mother,4
Kid Cudi,4
Ethel Cain,4
The Neighborhood,4
NCT,4
Aaron May,4
Waterparks,4
It's Murph,4
Latin Mafia,4
Blackbear,4
Grimes,4
Foushee,4
Ado,4
Cris MJ,4
Maggie Rogers,4
Gigi Perez,4
Knox,4
LANY,4
RINI,4
Alec Benjamin,4
Renee Rap,4
Daniel Seavey,4
Jordan Ward,4
Charlie Puth,4
Boynextdoor,4
Dhruv,4
Dean,4
Cavetown,4
Day6,4
Laundry Day,4
Rihanna,4
Addison Rae,4
Vance Joy,4
Benee,4
Weezer,4
Emei,4
AJR,4
Becky G,4
Dannylux,4
Loona,4
Psy,4
Fiji Blue,4
Vampire Weekend,4
Ginger Root,4
Surfaces,4
Paris Texas,4
Orion Sun,4
Excision,4
Destin Conrad,4
ODESZA,4
Eric Nam,4
(G)I-DLE,4
Dua Lipa,4
Royel Otis,4
Yves Tumor,3
Mariah The Scientist,3
WISP,3
RL Grime,3
Dreamcatcher,3
Xavi,3
Sasha Sloan,3
Aidan Bissett,3
Rico Nasty,3
Ed Sheeran,3
Bring Me The Horizon,3
I Don’t Know,3
Vansire,3
Foster The People,3
Bazzi,3
Jeremy Zucker,3
Hippo Campus,3
Matt Maltese,3
David Kushner,3
Tiffany Day,3
Matroda,3
NOTD,3
Harry Styles,3
Miguel,3
Seven Lions,3
JKRS Collective,3
Disco Lines,3
Said The Sky,3
Warren Hue,3
Tommy Richman,3
Sundial,3
Blink-182,3
Myke Towers,3
The Crane Wives,3
OneRepublic,3
Wang Ok,3
El Alfa,3
Ha Vay,3
Sun Room,3
Snoop Dogg,3
Nettspend,3
The Garden,3
Em Beihold,3
Denise Julia,3
Rainbow Kitten Surprise,3
Boy Pablo,3
Travis,3
Boygenius,3
T-Pain,3
Ericdoa,3
Riovaz,3
Goth Babe,3
Inhaler,3
Cupcakke,3
Olivia Dean,3
Jomm,3
Audrey Nuna,3
Eem Triplin,3
Roddy Ricch,3
Zayn,3
Earl Sweatshirt,3
Claire Rosinkranz,3
STAYC,3
The Last Dinner Party,3
AG Club,3
NLE Choppa,3
Schoolboy Q,3
Bruno Major,3
6lack,3
100 Gecs,3
Ca7riel & Paco Amoroso,3
Chase & Status,3
Steve Aoki,3
Twenty One Pilots,3
Peach Tree Rascals,3
Tokischa,3
Alex Warren,3
The Smashing Pumpkins,3
Martin Garrix,3
Jimmy Eat World,3
Peggy Gou,3
Mt. Joy,3
Any Country,3
Duckwrth,3
Red Hot Chili Peppers,3
DJ Mandy,3
Kendrick Lamar Duckworth,3
Ecco2k,3
The Drums,2
Yerin Baek,2
Slowdive,2
Artms,2
Niall Horan,2
Chicano Batman,2
Rammstein,2
Teddy Swims,2
Myles Smith,2
Nicky Youre,2
Yung Gravy,2
311,2
Michael Jackson,2
Los Hermanos Mendoza,2
Madeon,2
Coco & Clair Clair,2
Alan Walker,2
Neon Trees,2
Alvvays,2
Melanie Martinez,2
MCR,2
Sublime,2
Kygo,2
Arca,2
Russ,2
Kalan FrFr,2
M83,2
Kevin Kaarl,2
Bon Jovi,2
SOB x RBE,2
Deadmau5,2
Pierre Bourne,2
Late Night Drive Home,2
Starset,2
NCT Dream,2
The Wrecks,2
Radiohead,2
Hotel Ugly,2
Joyce Manor,2
Feeble Little Horse,2
Mazzy Star,2
No Candy,2
Tori Kelly,2
Lil Baby,2
Fontaines D.C.,2
P-Lo,2
No Candy Band,2
Caroline Polacheck,2
Tool,2
Lil Wayne,2
Sarah Kinsley,2
The Linda Lindas,2
MGMT,2
Chelsea Cutler,2
Ariana Grande,2
Poppy,2
Crumb,2
Caamp,2
Panchiko,2
IVE,2
Herencia De Patrones,2
Fly By Midnight,2
Marina,2
Ohgeesy,2
Chevy,2
Coco Jones,2
Polyphia,2
Beach Bunny,2
Snow Wife,2
Lorde,2
Thomas Day,2
Macklemore,2
Car Seat Headrest,2
Christian Kuria,2
Good Boy Daisy,2
Inner Wave,2
Ryan Beatty,2
Catfish and the Bottlemen,2
Usher,2
Shoreline Mafia,2
Bryant Barnes,2
Tory Lanez,2
88rising,2
Voila,2
Empire of the Sun,2
Zerobaseone,2
Solange,2
Raveena,2
$uicideboy$,2
Bad Omens,2
Level Up,2
DPR Ian/Live,2
Steve Lacy,2
Kim Petras,2
Frex,2
The Living Tombstone,2
Erykah Badu,2
Leon Bridges,2
Nicki Minaj,2
Kidsnot$aints,2
Babymetal,2
Kiana Lede,2
Ritt Momney,2
Ayesha Erotica,2
Roar,2
Odd Mob,2
Audien,2
Almost Monday,2
Young The Giant,2
Rosalia,2
Tupac,2
Johnny Orlando,2
Pryvt,2
One OK Rock,2
Tiesto,2
Swae Lee,2
Gemini,2
Gorillaz,2
Fetty Wap,2
Muse,2
Mason Ramsey,2
FKA Twigs,2
Lola Young,2
Glaive,2
They Might Be Giants,2
Beyoncé,2
Lancey Foux,2
A Boogie Wit Da Hoodie,2
Jon Bellion,2
Cleo Sol,2
San Holo,2
Summrs,2
Lin Manuel Miranda,2
Briston Maroney,2
The Band Light,2
Sara Landry,2
Crankdat,2
The Lumineers,2
JoJo Siwa,2
Dave,2
Odetari,2
Galantis,2
Arijit Singh,2
Montell Fish,2
Two Door Cinema Club,2
Eslabon Armado,2
Ross Lynch,2
Sean Paul,2
Bailey Zimmerman,2
Megan Moroney,2
Trivecta,2
Ashnikko,2
Hybs,2
Ty Dolla $ign,2
Colde,2
The Arkangels,2
$NOT,2
JSTJR,2
Saint Motel,2
Kikuo,2
Treaty Oak Revival,2
Masego,2
070 Shake,2
Joshua Bassett,2
Levity,2
Shaq aka DJ Diesel,2
Anson Seabra,2
Amelia Moore,2
Chief Keef,2
Jennie Kim,2
Cannons,2
Korn,2
Berry Blue,2
The Buttertones,2
Folk Bitch Trio,2
Lexa Gates,2
Brockhampton,2
Turnstile,2
Jazmine Sullivan,2
Mickey Darling,2
Honne,2
Charlie Burg,2
Connor Price,2
"The Army, The Navy",2
Izna,2
Diljit Dosanjh,2
Noa,2
Johnny Huynh,2
Bren Joy,2
Isabel Larosa,2
Jeff Bernat,2
Phantogram,2
Leith Ross,2
Shakira,2
The Red Pears,2
The Front Bottoms,2
Rawayana,2
Tabber,1
Janelle Monáe,1
Dora Jar,1
Ryan B,1
Sean Combs,1
Keenan Te,1
The Neighborhood,1
Nessa Barrett,1
Eliza Doolittle,1
Meet Me @ The Alter,1
Bungalow Collect,1
Bears In Trees,1
Soul Glo,1
Sonder,1
Big Shaq,1
Britney Spears,1
Mau P,1
My Joy,1
Hailey Walsh,1
Dodie,1
Lucy,1
The Birthday Massacre,1
Black Tiger Sex Machine,1
Ashsocozy,1
Wax Motif,1
Kishi Bashi,1
Ozuna,1
Have,1
Carly Rae Jepsen,1
Imase,1
Friend,1
Enrique Iglesias,1
Blk Odyssy,1
Coastal Club,1
Meduza,1
Kolohe Kai,1
Onew,1
Lord Huron,1
Ian Asher,1
Yes Candy,1
Isaac Dunbar,1
Gojira,1
Naomi Jon,1
Claire,1
Day Wave,1
Yaeji,1
Haarper,1
Vintage Culture,1
The Guys From Whiplash,1
Charlotte Lawrence,1
John K,1
Teo Glacier,1
Disclosure,1
SZA,1
Erika De Casier,1
Eve,1
Alex Sampson,1
Tego Calderon,1
BB Juelz,1
Blossom,1
Go,1
The Boyz,1
Suchmos,1
Mr 305,1
Blvck Svm,1
Ivan Cornejo,1
Kero Kero Bonito,1
Jay Chou,1
Minds Eye,1
Blondshell,1
Logan Paul,1
Chloe X Halle,1
N./N./N,1
Saint Luna,1
Black Pumas,1
Shreya Ghosal,1
Woosung,1
Foo Fighters,1
Ericdoa,1
John Mayer,1
The Clash,1
Milky Chance,1
Kelela,1
EarthGang,1
Sheff G,1
The Moss,1
Abel Tesfaye,1
Kire,1
Sade,1
Lil Nas X,1
Luna Day,1
Neon Killers,1
Common Kings,1
Banda (Any Kind),1
Neyo,1
Okay Kaya,1
Nathan Sharp,1
Kanaboon,1
Money Bag Yo,1
Gryffin,1
Alice Lou Phoebe,1
Beach House,1
Alessi Rose,1
Cloonee,1
Zekk,1
Sofia Valdez,1
Make Towers,1
Diljit,1
Clinton Kane,1
Roman Candle,1
Mexican Slum Rats,1
Her New Knife,1
Labyrinth,1
Phoneboy,1
Dr. Dog,1
Black Party,1
Binki,1
Roe Kapara,1
Bones,1
Ayybo,1
Celine,1
Fuji Kaze,1
Tokimonsta,1
S,1
Stan Walker,1
Rei Ami,1
Any Singer,1
Suburb Talks,1
Laszewo,1
SWMRS,1
Mike,1
Seori,1
Lucy Dacus,1
Editors,1
Valley,1
JoeChillWorld,1
Alfie Templeman,1
Hiatus Kaiyote,1
Shura,1
Yung Heazy,1
Bree Runway,1
No Idea,1
John Travolta,1
Da Punk Band That Plays In Naruto,1
Quadeca,1
Nas,1
Gareth Emery,1
Mac Carroll,1
Snoh Alegra,1
Steve Aoki,1
Kyndal Inskeep,1
Maybe Candy,1
Matt Garza,1
BabyTron,1
Andrew (DJ Drew) Alexander,1
Sir Chloe,1
BizaRap,1
The Vanished People,1
Lovejoy,1
Yeah Yeah Yeahs,1
Lil Mabu,1
Gareth.T,1
Better Love,1
John Oliver,1
Eartheater,1
Romy,1
Lelo,1
Jenna Raine,1
Any Rock Band,1
IU,1
Zack Tabudlo,1
James Blake,1
Laila,1
Joy Crookes,1
Flyna Boss,1
BLACKPINK,1
Emilia Mernes,1
ITZY,1
Adrienne Lenker,1
Red Velvet,1
Horsegiirl,1
Vulfpeck,1
Black Kray / Sickboyrari,1
Khruangbin,1
Black Eyed Peas,1
Tyga,1
Mndr,1
Lil Skies,1
Andre 3000,1
YG,1
Rooler,1
Big Thief So Everyone Can Be Big Sad,1
Chris James,1
Avenged Sevenfold,1
Arrows In Action,1
Destroy Boys,1
Hardy,1
The Smile,1
Evann McIntosh,1
Max,1
Tove Lo,1
Boy Next Door,1
Austin Moon,1
Corbyn Besson,1
Joe P,1
Wuki,1
Chloe Bailey,1
PC,1
Tailor,1
Natanael Cano,1
IDKHOW,1
Xavier Wulf,1
La Cuadrilla,1
".,N.N",1
Dream,1
Jay Eazy,1
Faime,1
Don Omar,1
Julieta Venegas,1
Cautious Clay,1
Zoe Wees,1
Any Si Get,1
Metallica,1
Home,1
Pavement,1
Bleachers,1
King Triton,1
Normani,1
Jason Mraz,1
Bowling For Soup,1
Amindi,1
White Collars,1
Shaboozey,1
JJ Lin,1
Strings And Heart,1
The Alton’s,1
ThatMexicanoT,1
Black Skirts,1
Jack Black,1
JBoog,1
Belanova And Luis Miguel,1
Dana And Alden,1
Sammy Rash,1
Ozi,1
Crush,1
XOTWOD,1
Kylie Minogue,1
Larry June,1
Palace,1
Dylan,1
Rufus De Sol,1
BSS,1
Gale,1
Creepy Nuts,1
Tigercub,1
Rayen Lenae,1
Father John Misty,1
Reed Wonder & Aurora Olivas,1
DogPark,1
Local People,1
Bruno,1
Ley Soul,1
Singing,1
Pearl Jam,1
A Baddie,1
Joe Hisaishi,1
Sleep Token,1
Joe Maynor,1
Six Sex,1
Svchucky,1
Washed Out,1
"Black Country, New Road",1
Volbeat,1
Layz,1
Michael Cera,1
Babymetal,1
Front Bottoms,1
Renforshort,1
Woodz,1
Summer Salt,1
Tritonal,1
Fleshwater,1
The Beaches,1
Zelooperz,1
Adrianne Lenker,1
Porcupine Tree,1
Homixide Gang,1
Femtanyll,1
Louis The Child,1
Stella Jang,1
Grouplove,1
Marshmellow,1
T+Pazolite,1
Ashe,1
Gable Price And Friends,1
Jordy Searcy,1
The Altons/Superheaven,1
Miles,1
Milena,1
Deng Dian,1
Katy Perry,1
Gracie Abrams,1
Ella Musch,1
Nico Play,1
IV Of Spades,1
Surf Curse,1
Jessie Reyez,1
One Republic,1
A$AP Ferg,1
Lunay,1
Rusted Root,1
Quinnie,1
Johnny Stimson,1
Wendy From Red Velvet,1
Drug Dealer,1
Chance The Rapper,1
Lamp,1
Cobra Man,1
Hotel Books,1
Odoriko,1
Cults,1
Vaultboy,1
Stick Figure,1
Skepta,1
Crystal Castles,1
Gorgon City,1
Waylon Wyatt,1
Joost Klein,1
Avicii,1
Dr. Fresch,1
Ningning From Aespa,1
Claudia,1
Fiona Apple,1
Mike Posner,1
Zoe (Mexican Rock Band),1
Kompany,1
2NE1,1
Xanakin Skywok,1
Grouper,1
Tony22,1
Wolf Alice,1
?,1
Youra,1
The Crying Nudes,1
The Dip,1
No Guidance,1
Laidback Luke,1
Nine Inch Nails,1
Holly Humberstone,1
Mexican OT,1
Mitis,1
Pentatonix,1
Stand Atlantic,1
Micah Dailey White,1
Flyana Boss,1
Guns N' Roses,1
Kashbocks,1
Mavi,1
Eden,1
Quavo,1
Sofaygo,1
Koffee,1
Jessica Baio,1
Easha,1
Purity Ring,1
Scowl,1
Marina And The Diamonds,1
Drama Trial,1
Avril Lavigne,1
Sure Sure,1
Quinn XCII,1
Anyone Of The Big Artists From Head In The Clouds Honestly,1
TisaKorean,1
Crying City,1
Jimmy Brown,1
Cobra Starship,1
LCD Soundsystem,1
The Backfires,1
Avery Lynch,1
Blue Hour,1
Gucci Mane,1
The Dirty Heads,1
Khantrast,1
Crane Wives,1
Metal Bands,1
The Walters,1
Jimin,1
Wale The Sage,1
Iration,1
Bygones,1
Matthew Ifield,1
Beach Bums,1
Francis Blume,1
DJ,1
I,1
Steely Dan,1
Nocandy Band,1
Sammy Virji,1
Aqyila,1
I Don't Know How But They Found Me,1
Jamiroquai,1
Polo Gonzalez,1
The Score,1
Cher,1
TheFatRat,1
Hugelthug,1
M.I.A.,1
Lisa Ono,1
AwakeButStillInBed,1
Mahalia,1
Quarters Of Change,1
Palaye Royale,1
Mac Ayres,1
Dreamer Isioma,1
Amyl And The Sniffers,1
Ray Volpe,1
Destiny Rogers,1
Israel's Arcade,1
David Guetta,1
A,1
Pharrell,1
Matt Hansen,1
Katherine Li,1
Di,1
J,1
Micheal Sanzone,1
Katie,1
Interpol,1
Devon Hendryx,1
Foxtide,1
Nmn.N,1
Hrvy,1
D.Savage/Lucki,1
Little Simz,1
Mad Tsai,1
Bellakah,1
Project Pat,1
Cochise,1
Holy Wars,1
Primus,1
Sub Focus,1
Tito Double P,1
Monsta X,1
Sleepy Hallow,1
Chencho Corleone,1
John Cena,1
Jordan Sweeto,1
Boy Harsher,1
The Eagles,1
Chyl,1
Kenny Mason,1
KARD,1
Alexandria Savior,1
Snail Mail,1
Florence And The Machine,1
Dolphins On Acid,1
Zach Top,1
Planet Giza,1
Camila Cabello,1
Drinkurwater,1
Elley Duhe,1
Smokey Robinson,1
B If Do,1
Nikki Minaj,1
03 Greedo,1
Hyejin,1
Leigh Ross,1
Ludmilla,1
Soulja Boy,1
Isabella Lovestory,1
Xenia,1
DPR,1
Ava Max,1
Band Performing,1
RE6CE,1
Tape B,1
Ella Mai,1
Tobi Lou,1
Daniel Jikal,1
One Direction,1
Bad Bunny,1
Elsa And Emilie,1
Duckworth,1
UPSAHL,1
Rich Amiri,1
Jiwoo (Maisonjiwoo),1
Yung Nudy,1
Run The Jewels,1
The Hails,1
Sampha,1
Kim Doyoung (NCT),1
Ray Bull,1
Lolo Zouai,1
BRB,1
Zbo Is So Good Pls Put Him On,1
Social Distortion,1
Sullivan King,1
Alessia Cara,1
Three Days Grace 2x,1
Lil Durk,1
Khai Dreams,1
Kes,1
Yeule,1
Natori,1
Amine Or Sir,1
The Wombats,1
Prvyt,1
The Walters,1
Khloe Rose,1
Shotgun Willy,1
Asumuh,1
Griff,1
143Kane,1
Olivia Rodrigues,1
George Clanton,1
Ciara,1
Allen Stone,1
LeBron James,1
Loossemble,1
Underscores,1
Madeline The Person,1
Maroon 5,1
Reol,1
Osamason,1
Forrest.,1
Chris Stussy,1
Balu Brigada,1
Allison Ponthier,1
Crawlers,1
Daisy,1
Miley Cyrus,1
The 1975,1
The Growlers,1
Teo,1
Poets Of The Fall,1
Raveena Aurora,1
Zutomayo,1
Jeff Rosenstock,1
Nathan Evans,1
Aeden Alvarez,1
Natalia Lafourcade,1
Ethan Kozberg :D,1
John Lennon,1
Grupo Marca Registrada,1
Dabeull,1
Catalyst,1
Katseye,1
Bino Rideaux,1
Subradio,1
Lil Shine,1
Rad Museum,1
Ranee Rapp,1
Caroline Polachek,1
Hieuthuhai,1
Illit,1
Emotional Oranges,1
1nonly,1
Sheena Ringo,1
Billy Joel,1
Inhaler Dublin,1
Habstrakt,1
Sitting On Stacy,1
BoyWithUke,1
Cas,1
Infinity Song,1
Juanes,1
Queens Of The Stone Age,1
Elephant Gym,1
Jordana,1
Daddy Yankee,1
Lee Youngji,1
10cm,1
Justin Timberlake,1
Headband Andy,1
Jakob,1
ASTN,1
Cheat Codes,1
New Hope Club,1
Franz Ferdinand,1
Fletcher,1
SNBRN,1
Luke Bryan,1
Alt-J,1
Machine Girl,1
Lil Yachty,1
Ang RnB Artists,1
Diddy,1
Of Montreal,1
Snake Pool,1
Clean Bandit,1
Bea Miller,1
Evanescence,1
Jai Wolf,1
AJ Tracy,1
TWS,1
Remy Bond,1
Any EDM Artist,1
Greek,1
Luke Combs,1
Regina Song,1
Breaking Benjamin,1
Funtcase,1
NCT127,1
Joeyy,1
Bridgette Calls Me Baby,1
Juliet Ivy,1
Durand Bernarr,1
Yorushika,1
Joey Valence & Brae,1
Delorians,1
Julia Jacklin,1
Akon,1
Kaytramine,1
Janani K. Jha,1
Sleigh Bells,1
David Hugo,1
Idles,1
Ferxxo,1
Naika,1
Kordhell,1
Sir,1
Grupo Frontera,1
Bombay Bicycle Club,1
Trippie Redd,1
Leanna Firestone,1
Thundercat,1
Tia Corine,1
Maude Latour,1
Amaare,1
Ms. Lauryn Hill,1
Allison Russell,1
Marshmello,1
Dean Lewis,1
Kali Uchis,1
Asake,1
RC Avenue,1
EXID,1
Q,1
Aron May,1
Lu Kala,1
Britney Mason,1
Ishan,1
Maddison Bear,1
Fall Out Boy,1
Origami Angel,1
Humbe,1
1nonly,1
Mark Ambor,1
Bastille,1
Violent Vira,1
Avenoir,1
Ak Bandamont,1
Santana,1
Foglake,1
Nia Archives,1
Suicide Boys,1
Yung Kai,1
Carter Ace,1
VVKE,1
Lane 8,1
Bruce Springsteen,1
Käärijä,1
Ramon Vega,1
Landon Conrath,1
Ghastly,1
V From BTS,1
Forester,1
Sam Fender,1
Big Thief,1
Rage Against The Machine,1
Remo Drive,1
Jessie Ware,1
Wizkid,1
Julien Baker,1
Nico Moreno,1
Dove Cameron,1
Elijah Woods,1
Natalie Jane,1
The Killers,1
Kevin Atwater,1
Vinne,1
Khamari,1
BigXthaplug,1
Estevie,1
Eyedress,1
Anomalie,1
Artemas,1
Luke Hemmings,1
Zack Fox,1
Yazida,1
Claro,1
Mannequin Pussy,1
Des Rocs,1
Trippie Redd,1
Chanel Pena,1
Psychic Fever,1
Jhariah,1
Ween,1
J Boog,1
Masiwei,1
Towa Bird,1
Show Me The Body,1
Lil Vada,1
Green Day,1
Chase Shakur,1
Taylor Hill,1
Jamie XX,1
Hayley Kiyoko,1
Borns,1
Andy Grammer,1
Cruza,1
Essosa,1
Loveless,1
Brutalismus 3000,1
Mustard Service,1
Daniel Seavy,1
Sleeping With Sirens,1
HER,1
No Vacation,1
Patrick Brasca,1
Big Naughty,1
Lauren Spencer Smith,1
Chris Lake,1
The Foxtides,1
Wave & Rome,1
Jxdn,1
Veeze,1
Rainao,1
Swedish House Mafia,1
Shady Moon,1
Los Angeles Azules,1
Bulow,1
Lexie Liu,1
Slightly Stoopid,1
Jawny,1
Sufjan Stevens,1
Yeek,1
Moon Walker,1
MGK,1
Dance,1
Honey Revenge,1
Pinkii,1
The Smiths,1
Central Cee,1
Danny Lux,1
Rachel Chinouriri,1
100gecs,1
Xanubis,1
EXO,1
The Alchemist,1
Bad Suns,1
MF DOOM,1
Aimyon,1
Sarah Kang,1
Jorja Smith,1
Logic,1
Denn.,1
Young Nudy,1
Duskus,1
Cynthoni,1
Jhayco,1
Infinite Song,1
Dylan Gosset,1
Ryan B.,1
LSD And The Search For God,1
Sammy Rae And The Friends,1
New West,1
A DJ,1
Justine Skye,1
Will Wood,1
Last Dinos,1
Mora,1
Fall Out Boy,1
Violent Vera,1
Meghan Trainor,1
Morgan St Jean,1
JR,1