index,count
katseye,78
malcolm todd,64
the marias,43
wave to earth,43
gracie abrams,39
chappell roan,38
grentperez,38
laufey,37
beabadoobee,34
rocco,34
luke chiang,32
role model,31
lyn lapid,26
bixby,25
thuy,25
wasia project,24
keshi,23
faye webster,23
clairo,22
kiss of life,22
lizzy mcalpine,22
d4vd,21
2hollis,20
regina song,20
hojean,19
dhruv,18
tate mcrae,18
pryvt,17
magdalena bay,17
illit,17
weston estate,17
tiffany day,17
between friends,16
knock2,16
thee sacred souls,16
remi wolf,16
alice phoebe lou,16
umi,15
ken carson,15
del water gap,15
starfall,15
sabrina carpenter,15
niki,15
dominic fike,15
yuno miles,15
drake,15
dpr ian,14
nueve lio,14
?,14
ruel,13
gigi perez,13
tv girl,13
orion sun,13
luna li,13
wallows,13
maisie peters,13
doechii,13
mico,13
xg,13
the driver era,12
omar apollo,12
men i trust,12
noah kahan,12
flipturn,12
flo,12
benson boone,12
destroy lonely,12
mike sherm,12
raveena,12
aaron may,12
eaj,12
mkgee,12
isoxo,11
blood orange,11
rachel chinouriri,11
julie,11
bryant barnes,11
ian,11
jpegmafia,11
laundry day,11
still woozy,11
the kid laroi,11
suki waterhouse,10
jordan ward,10
sunkis,10
leon thomas,10
peach pit,10
rini,10
hybs,10
daniel seavey,10
sarah kinsley,10
cuco,9
emei,9
glaive,9
addison rae,9
christian kuria,9
pinkpantheress,9
none,9
bibi,9
kehlani,9
victoria monet,9
ericdoa,9
lucki,8
djo,8
ravyn lenae,8
don toliver,8
rina sawayama,8
ksi,8
hotel ugly,8
chase atlantic,8
amelia moore,8
almost monday,8
aespa,8
lauv,8
mxmtoon,8
denzel curry,8
matt maltese,7
maude latour,7
joji,7
bruno mars,7
young miko,7
conan gray,7
goth babe,7
benee,7
avenoir,7
taylor swift,7
snow strippers,7
khamari,7
i don’t know,7
raye,7
destin conrad,7
summer salt,7
fly by midnight,7
gemini,7
megan moroney,7
sasha alex sloan,7
isoknock,7
wisp,7
inhaler,7
amaarae,7
the dare,7
katherine li,7
the crane wives,7
dijon,7
blxst,7
porter robinson,7
keenan te,6
"the army, the navy",6
tyla,6
mitski,6
brakence,6
benches,6
foxtide,6
sofia isella,6
bakar,6
matthew ifield,6
mac ayres,6
eric nam,6
leith ross,6
jungle,6
jvke,6
artemas,6
emotional oranges,6
jeremy zucker,6
latin mafia,6
jean dawson,6
junny,6
alex warren,6
xavi,6
the japanese house,6
the wrecks,6
the backseat lovers,6
hatsune miku,6
joshua bassett,6
kanye west,6
late night drive home,6
shygirl,6
jeff bernat,6
cigarettes after sex,6
sarah kang,6
cleo sol,6
the beaches,6
big thief,6
no candy,6
ricky montgomery,6
griff,6
seventeen,6
renee rapp,6
yel,5
nettspend,5
william black,5
rex orange county,5
hippo campus,5
adela,5
chevy,5
ivan cornejo,5
ginger root,5
tiny habits,5
the last dinner party,5
saint levant,5
joey bada$$,5
surf curse,5
japanese breakfast,5
new jeans,5
hunny,5
finneas,5
dunno,5
chicano batman,5
4batz,5
peso pluma,5
smino,5
aidan bissett,5
dreamer isioma,5
yung kai,5
ethel cain,5
yena,5
matt hansen,5
it's murph,5
osamason,5
kaytranada,5
set it off,5
isaiah rashad,5
montell fish,5
54 ultra,5
olivia dean,5
teezo touchdown,5
bbno$,5
eloise,5
lucky daye,5
glorilla,5
hyejin,5
glass animals,5
coin,5
jackson wang,5
maggie rogers,5
kendrick lamar,5
kali uchis,5
eyedress,5
myles smith,5
denise julia,5
pitbull,5
warren hue,5
bini,4
little simz,4
yves tumor,4
zack tabudlo,4
tems,4
le sserafim,4
charisse chua,4
mike,4
odetari,4
bryson tiller,4
mon laferte,4
boynextdoor,4
kiana lede,4
the rose,4
kikuo,4
jhariah,4
olivia rodrigo,4
panchiko,4
jomm,4
the weeknd,4
declan mckenna,4
dannylux,4
frank ocean,4
friday pilots club,4
claire rosinkranz,4
indigo de souza,4
lexa gates,4
quarters of change,4
yeat,4
fiji blue,4
ag club,4
hope tala,4
dayglow,4
no idea,4
john summit,4
redveil,4
baby keem,4
milena,4
elmiene,4
billie eilish,4
jesse barrera,4
underscores,4
loossemble,4
jelani aryeh,4
i,4
holly humberstone,4
lamp,4
audrey nuna,4
rawayana,4
rc avenue,4
mind shrine,4
tame impala,4
sza,4
fred again,4
isabel larosa,4
public library commute,4
lucy,4
aldn,4
lauren spencer smith,4
knox,4
ha vay,4
tyler the creator,4
mustard service,4
sir,4
vaultboy,4
darci,4
alexander stewart,4
tommy richman,4
jimmy brown,4
chino pacas,4
troye sivan,4
fontaines d.c.,4
twice,4
ryan beatty,4
seori,4
the red pears,4
infinity song,4
bladee,4
david kushner,4
jkrs collective,4
dean blunt,4
quadeca,4
good kid,4
ley soul,4
daniel caesar,4
childish gambino,4
the millennial club,4
sundial,4
honne,4
triples,4
stray kids,4
vince staples,4
crankdat,4
ichiko aoba,4
stephen sanchez,4
lany,4
royel otis,4
ice spice,4
good boy daisy,4
mochakk,3
ecco2k,3
yetep,3
beach bunny,3
starset,3
dj mandy,3
towa bird,3
any up and coming country artists,3
dean lewis,3
nessa barrett,3
travis scott,3
yeek,3
riize,3
quinnie,3
don’t really know anyone,3
lancey foux,3
willow,3
tana,3
dabin,3
gunna,3
luna luna,3
ariana grande,3
lolo zouai,3
the alton’s,3
rhyu,3
sobs,3
mark ambor,3
weyes blood,3
jenevieve,3
alaina castillo,3
re6ce,3
sun room,3
hemlocke springs,3
greer,3
second thoughts,3
brent faiyaz,3
chyl,3
jane remover,3
slchld,3
the hellp,3
dn,3
maye,3
schoolboy q,3
che ecru,3
hoang,3
vansire,3
molly santana,3
muni long,3
arctic monkeys,3
nuevo lio,3
qwer,3
corbyn besson,3
vortxz,3
same,3
vacations,3
polyphia,3
fuerza regida,3
amaria,3
mau p,3
wang ok,3
alex g,3
loona,3
rl grime,3
nive,3
tiger del flor,3
kwon eunbi,3
aurora,3
isaac dunbar,3
kanii,3
cafune,3
wolf alice,3
eden,3
cris mj,3
mike dimes,3
love spells,3
eurovision,3
the walters,3
bren joy,3
mt joy,3
keni titus,3
dean,3
riovaz,3
take van,3
kidsnot$aints,3
jid,3
sammy rae and the friends,3
shaboozey,3
teo glacier,3
whichever,3
the aces,3
the internet,3
the frights,3
elisia savoca,3
joy crookes,3
laila,3
geordie greep,3
surl,3
rauw alejandro,3
tabber,3
paris paloma,3
meovv,3
berry blue,3
steve lacy,3
bruno major,3
lilypichu,3
lil hero,3
same as above,3
yung lean,3
strawberry guy,3
paris texas,3
sammy rash,3
giveon,3
lana del rey,3
newdad,3
the moss,3
backseat lovers,3
ado,3
310babii,3
kalan frfr,3
zach top,3
renee rap,3
kuiper,3
p1harmony,3
future,3
foushee,3
binki,3
teezo,3
6lack,3
cloonee,3
junior h,3
cody fry,3
jaydes,3
the shacks,3
dodie,3
bazzi,3
armnhmr,3
koven wei,3
beyonce,3
*,3
alvaro diaz,3
j cole,3
jimmy eat world,3
car seat headrest,3
alexander 23,2
gareth.t,2
bts,2
jordana,2
sammy virji,2
victor ray,2
peach tree rascals,2
isabella lovestory,2
ls dunes,2
novulent,2
null,2
berlioz,2
iyla,2
blk odyssy,2
dkb,2
the drums,2
her’s,2
cody jon,2
slowthai,2
alfie jukes,2
zeph,2
chase shakur,2
zack fox,2
siopaolo,2
jhene aiko,2
dwllrs,2
jt,2
coco and clair clair,2
durand jones & the indications,2
lunar vacation,2
excision,2
em beihold,2
king krule,2
sunset rollercoaster,2
mehro,2
ambre,2
jhung,2
phoebe bridgers,2
snow wife,2
ravenna,2
rihanna,2
kaytrananda,2
reality club,2
lexie liu,2
chelsea cutler,2
artms,2
kyle dion,2
yot club,2
kaz moon,2
don’t,2
sabrina claudio,2
jade,2
eric doa,2
youra,2
1900rugrat,2
cupcakke,2
cavetown,2
cordae,2
kirby,2
grupo frontera,2
flowerovlove,2
grimes,2
alameda,2
odeal,2
mj apanay,2
zuhair,2
cities aviv,2
caroline polachek,2
fleshwater,2
joyce wrice,2
beach weather,2
q,2
mitis,2
zoe wees,2
rich amiri,2
jey,2
folk bitch trio,2
m,2
isk,2
alec benjamin,2
lily allen,2
zedd,2
hannah bang,2
rainbow kitten surprise,2
yeule,2
juhye,2
they are gutting a body of water,2
johnny huynh,2
ajr,2
alleycvt,2
bree runway,2
pvrt,2
gryffin,2
jessica baio,2
idk how but they found me,2
jay park,2
spacey jane,2
half alive,2
isiah rashad,2
bone thugs-n-harmony,2
downtown kayoto,2
artemis,2
shae,2
babe rainbow,2
edgar alejandro,2
naturosynth,2
—,2
ben rodrigues,2
nf,2
sampha,2
crumb,2
mckenna grace,2
leanys,2
green day,2
zhu,2
muna,2
42 dugg,2
vaundy,2
clara la san,2
king princess,2
fig,2
breaking benjamin,2
said the sky,2
salute,2
dana and alden,2
eric reprid,2
sevdaliza,2
joon,2
shelly,2
jawny,2
current joys,2
woodz,2
alice pheobe lou,2
pastel ghost,2
gabi sklar,2
no candy band,2
alex sampson,2
adrianne lenker,2
asumuh,2
driver's era,2
j balvin,2
peggy gou,2
kelsea ballerini,2
briston maroney,2
nico play,2
bayli,2
killanddieonce,2
bear ghost,2
seven lions,2
noah guy,2
whitney,2
kim petras,2
shaun,2
ty myers,2
jade lemac,2
saba,2
triple point,2
upsahl,2
skaiwater,2
south arcade,2
annie dirusso,2
johanz canuel,2
lola young,2
fish in a birdcage,2
six sex,2
lil vada,2
rei ami,2
trxy,2
james hype,2
alessi rose,2
nurko,2
vlad holiday,2
rosetintedglasses,2
neriah,2
devin kennedy,2
los retros,2
yerin baek,2
foggieraw,2
jonah marais,2
juniper honey,2
alvvays,2
thomas ng,2
juno,2
daydream twins,2
palaye royale,2
bia,2
durand jones and the indications,2
levity,2
ozi,2
the neighbourhood,2
boy pablo,2
jvna,2
brb.,2
ethan low,2
midnight kids,2
ashley alisha,2
yoasobi,2
notd,2
los hermanos mendoza,2
kado,2
johnny orlando,2
patrick brasca,2
dc the don,2
peter mcpoland,2
young posse,2
valley,2
royce fisherman,2
amine,2
minova,2
violent vira,2
allison ponthier,2
hozier,2
ella jane,2
the buttertones,2
roy blair,2
ritt momney,2
kevin abstract,2
disco lines,2
kyle watson,2
lil maru,2
snoh aalegra,2
dazey and the scouts,2
jhyve,2
trauma ray,2
tomorrow x together,2
takayoshi,2
dylan sinclair,2
jolianne,2
ocean alley,2
monsta x,2
dpr live,2
julia jacklin,2
blossom,2
"hey, nothing",2
the band light,2
kenya grace,2
yorushika,2
aidan bisset,2
joe p,2
aren’t we amphibians,2
brandon lake,2
baby queen,2
normani,2
grabbitz,2
6arelyhuman,2
lizzy,2
fana hues,2
juliet ivy,2
miniature tigers,2
"black country, new road",2
bb trickz,2
miles,2
se so neon,2
charli xcx,2
inner wave,2
sabai,2
lawrence,2
horse jumper of love,2
mon rovia,2
shy girl,2
tei shi,2
lil tecca,2
ayybo,2
hoax,2
nct,2
hyelyn joo,2
eem triplin,2
sleep token,2
overpass,2
kesha,2
kevin atwater,2
kneecap,2
harry styles,2
sufjan stevens,2
tory lanez,2
n/,2
avenior,2
dom dolla,2
greek,2
ray bull,2
duster,2
saint luna,2
syml,2
humbe,2
sabrina sterling,2
metro boomin,2
chris travis,2
death grips,2
jojo siwa,2
hailey knox,2
crying city,2
ojerime,2
ninajirachi,2
carwash,2
slowdive,2
clavita,2
bad suns,2
dream,2
babymonster,2
the garden,2
headband andy,2
young the giant,2
stella donnelly,2
wallice,2
kylie cantrall,2
takayan,2
the national,2
bayou,2
sad park,2
haiden henderson,2
f5ve,2
madeon,2
big naughty,2
haim,2
christian french,2
kire,2
d. sean,2
ayra starr,2
nav,2
neton vega,2
gun boi kaz,2
twin tribes,2
a.c.e,2
yves,2
subtronics,2
eslabon armado,2
zeke pujols,2
¿teo?,2
hanumankind,2
mokita,2
tori kelly,2
vcha,2
jay chou,2
rico nasty,2
saint motel,2
layz,2
izna,2
origami angel,2
easha,2
kevin kaarl,2
boy genius,2
iiso,2
willow avalon,2
kate bollinger,2
mariah the scientist,2
tinashe,2
young thug,2
molly grace,2
connor price,2
the happy fits,2
bluebucksclan,2
ari lennox,2
isaiah falls,2
cil,2
chezile,2
soccer mommy,1
the casper fight scene,1
fuller,1
mac demarco,1
o.o.o,1
aly & aj,1
sunroom,1
flo mili,1
daisy grenade,1
fwango,1
jaydayoungan,1
lord huron,1
maya hawke,1
slow pulp,1
ramirez,1
carol ades,1
freddie dress,1
clara mae,1
know,1
cusp,1
kendrick lamae,1
no keshi please,1
good morning,1
yellow days,1
chatpile,1
the new six,1
sonya titus,1
victony,1
lorde,1
sumika,1
alessia cara,1
be your own pet,1
zahir,1
skip marley,1
jewel,1
night cap,1
paco,1
ari abdul,1
rachika nayar,1
good neighbours,1
stevie howie,1
natalie carr,1
bby eco,1
expose,1
eric chou,1
snakehips,1
relevant,1
hers,1
bella marcy,1
the nude party,1
erre,1
babyface ray,1
oceanfromtheblue,1
^^,1
shaquille o'neal,1
matt maeson,1
heize,1
whirr,1
mack keane,1
young ji,1
common saints,1
train,1
the drivers era,1
adanna duru,1
40,1
and the kids,1
lizzy grant,1
ca7riel & paco amoroso,1
ryan b,1
jordan davis,1
dogpark,1
adan diaz,1
grace enger,1
alessirose,1
local artist that play pirate pandas shows,1
kettama,1
better love,1
landon conrath,1
knox hamilton,1
haru nemuri,1
baynk,1
andrew foy,1
stela cole,1
roosevelt,1
mike posner,1
los campesinos,1
rex laurent,1
bungalow collect,1
lady gaga,1
dave blunts,1
riley green,1
jb carrol,1
metaphor,1
pocari sweet,1
koteri,1
maybe candy,1
emma nissen,1
cocteau twins,1
tiesto,1
tool,1
cg5,1
dumbo gets mad,1
cowgirl clue,1
daiela,1
snoop dogg,1
frex,1
flamingos in the tree,1
cage the elephant,1
edward skeletrix,1
talia mar,1
elemine,1
wang fei,1
marq,1
nate b smith,1
oxlade,1
gxllium,1
arrows in action,1
chorduroy,1
ella luna,1
akshath,1
pell,1
noevdv,1
omar rudberg,1
the grinns,1
sjowgren,1
sullvn,1
john mackk,1
most wanted,1
gabito ballesteros,1
arca,1
templuv,1
flyana boss,1
chai,1
hanbee,1
dominic pike,1
lil teca,1
culenasm,1
ben beal,1
lithe,1
dizzy fae,1
ekko2k,1
creature canyon,1
ozzi,1
boldy james,1
the crystal casino,1
raavena,1
wukong,1
hippocampus,1
oh wonder,1
unotheactivist,1
iu,1
summer walker,1
kid,1
madison buckingham,1
kelly moonstone,1
little jesus,1
jeremy passion,1
the wasian project,1
no vacation,1
changeline,1
awin,1
daysormay,1
the 805,1
samuel lim,1
witt lowry,1
davinky,1
norah jones,1
aj mitchell,1
the turning wheel,1
miracle musical,1
anything about this,1
majed razavi,1
4ever falling,1
dennis van aarssen,1
biking with francis,1
speed,1
precious,1
cosmo shelldrake,1
omar courtz,1
overmono,1
nai palm,1
rick montgomary,1
leah dou,1
jean marc,1
bell biv divoe,1
rachel potter,1
purple kiss,1
sleepsk8,1
byjaye,1
too,1
mom jeans,1
g0nny,1
all under heaven,1
david austin,1
marc segui,1
citizen queen,1
disclosure,1
loren,1
d,1
zb1,1
i’ve spice,1
aj rafael,1
fatboibari,1
sushi saucy,1
trey magnifique,1
0wave,1
.n/n.,1
leslie barlow,1
dylan gossett,1
snarky puppy,1
nemahsis,1
ian dior,1
graham hunt,1
cardinal bloom,1
betcha,1
uno miles,1
get,1
kolohe kai,1
nsqk,1
tisakorean,1
fog lake,1
roman candle,1
cody simpson,1
arlie,1
mind’s eye,1
marina,1
alex ponce,1
elsee,1
junior mesa,1
dr. dog,1
dhrug,1
ace,1
me n u,1
sunshower,1
liv.e,1
xavier wulf,1
remy bond,1
tatsuya kitani,1
adventure club,1
dope lemon,1
viviz,1
valentin prince,1
yayyoung,1
los yesterdays,1
ghais guevara,1
jengi,1
bware,1
emilia vaughn,1
suchmos,1
do,1
the beatles,1
the mexican ot,1
jeff bernet,1
thearkangels,1
nourished by time,1
aaron hill,1
she & him,1
frances quinlan,1
sxmpra,1
pink $weats,1
the war and treaty,1
chase goehring,1
virat kohli,1
22gfay,1
zachary knowles,1
bille eilish,1
danny schiller,1
brb,1
aaa,1
moon tang,1
erin kinsey,1
salami,1
marlon funaki,1
angelica garcia,1
the backfires,1
dfuego,1
dylan,1
mustafa,1
aliyah’s interlude,1
alt-j,1
luca,1
aurbory bugg,1
sammy harding,1
noam fainer,1
sarah kingsley,1
jeremey passion,1
sunflower bean,1
the hooligan5,1
first aid kit,1
el alfa,1
amo,1
forrest frank,1
nct dream,1
eye dress,1
ally ladrillono,1
esme emerson,1
corbin besson,1
elujay,1
allie x,1
evann mcintosh,1
khruangbin,1
david bowie,1
nxdia,1
lil ditto,1
jasontheween,1
oneprepublic,1
key glock,1
iron maiden,1
lewis ofman,1
ricci,1
soft siren,1
miles smith,1
morat,1
jai wolf,1
bandersnatched,1
bei,1
swim,1
jess benko,1
slapbak,1
mindforce,1
scene queen,1
junior brother,1
milo j,1
emmanuel cortes,1
king gizzard and the lizard wizard,1
99 neighbors,1
very underground queer icon chappell roan,1
"niviro, nurko",1
yung gravy,1
geoff castellucci,1
kameron marlowe,1
psychedelic porn crumpets,1
shoreline mafia,1
nigo,1
tony22,1
james arthur,1
the radio dept.,1
delaney bailey,1
martin garix,1
kabin crew,1
flower face,1
21 savage,1
jahnah camille,1
where’s jai,1
lil nas x,1
sybille’s on jupiter,1
zeruel,1
cant think of another,1
paloma mami,1
beach fossils,1
slater,1
remy,1
the smiths,1
bang yedam,1
baambii,1
halfalive,1
equipment,1
zerobaseone,1
the vanished people,1
post malone,1
buddha trixie,1
qveen herby,1
andrew  alexander,1
alan sutton,1
sam barber,1
kimmy bitter,1
vegyn,1
yes candy,1
kid cuddie,1
addison ray,1
sonniku,1
johnny stimson,1
tink,1
bi,1
midwife,1
husse,1
violet orlandi,1
odesza,1
marc indigo,1
luvdes,1
anne-marie,1
caleb gordon,1
alexa,1
got7,1
jordan suaste,1
nostalgix,1
kep1er,1
tobi,1
lane 8,1
shallipoppi,1
geo,1
galdive,1
carpool,1
stick figure,1
portraits of tracy,1
grittylex,1
sunkissed lola,1
niki/rich brian,1
father john misty,1
baby rose,1
scarlett,1
daisy world,1
rjmrla,1
sky,1
parcels,1
ikd,1
1975,1
smog alegra,1
daniel di angelo,1
lynn laufey,1
shae universe,1
daddy yankee,1
drama,1
field medic,1
pippotchi,1
the strokes,1
yusuf maung,1
the xx,1
maria the scientist,1
hoelesszach,1
djmegan23,1
blake ruby,1
bedouine,1
sophiethehomie,1
zoe,1
h.e.r.,1
the dip,1
alan walker,1
louis cole,1
vaisagh,1
suave dubois,1
coco & clair clair,1
tnt,1
souly had,1
jay kim,1
nemzzz,1
pascal,1
banda ms,1
peso plums,1
jev,1
joost,1
ok,1
night cereal ‍↕‍↕,1
king and country,1
ravane,1
scoopedup,1
homixide gang,1
josephine illingworth,1
the kingdom,1
saddoggy,1
tom misch,1
bigxtheplug,1
know any uo and coming artist ;(,1
mei semones,1
check out djs that work at rich's in hillcrest,1
babebee,1
provoker,1
marian carmel,1
kurt cobain,1
she past away,1
leonie biney,1
kokoroko,1
baby monster,1
bad omens,1
the ocho,1
1999 write the future,1
elaine,1
the rare occasions,1
the sinseers,1
partynextdoor,1
maria isabel,1
gregory alan isakov,1
little winter,1
rin,1
f,1
artie,1
mc virgins,1
genia,1
ilytommy,1
treaty oak revival,1
alexisonfire,1
trade l,1
nelward,1
yuni,1
of,1
n./n./n,1
brittany ferns,1
sprinks,1
kpop groups in general,1
rick west,1
poolhouse,1
saint blonde,1
87dance,1
someone big,1
lil pete,1
metalverse,1
matilda mann,1
taylor,1
aici,1
elvis presley,1
avantghetto,1
marcin,1
karri,1
ritz vanity,1
sega bodega,1
okay kaya,1
sure,1
juice wrld,1
lund,1
genshin impact,1
jennie,1
afourteen,1
him,1
micah dailey-white,1
laure shingihara,1
vance joy,1
ryan mack,1
wang ruolin,1
snob aelegra,1
midnight blu,1
larussell,1
chiiild,1
ghostboobss,1
øzi,1
renters,1
arlo parks,1
mitraz,1
gus dapperton,1
omesi,1
coffee date,1
ethan bortnick,1
let,1
charlie burg,1
bay faction,1
asi kemera,1
lunar vacations,1
bigxthaplug,1
ben howard,1
anees,1
zeina,1
punchnello,1
capper,1
the surlings,1
mamamoo,1
brad stank,1
slander,1
flo milli,1
hidude,1
dani leigh,1
boa,1
yaeklore,1
epik high,1
zack bryan,1
im basic,1
hana vu,1
mohammed siraj,1
thee sinseers,1
j.tajor,1
ruelle,1
dylan conrique,1
strings and heart,1
ndjcnrj,1
lowk wisp,1
calvin harris,1
marlon craft,1
fromis_9,1
chxrry22,1
helloworld,1
colony house,1
shakes graves,1
stereosity,1
nafeeisboujee,1
custard,1
tee grizzley,1
kodak black,1
alice phoebe lou :),1
samuel,1
chloe frances,1
l s dunes,1
joy again,1
chuu,1
olivia o,1
eric iv,1
fisher,1
juelz,1
mourning high,1
mytro,1
i only listen to popular artusts,1
nickcheo,1
nt,1
zeke bieu,1
chance pena,1
azyia,1
shaaba,1
jev.,1
peelingflesh,1
have any,1
neutral milk hotel,1
khalid,1
grantperez,1
madtsai,1
liana flores,1
the howl and the hum,1
rook monroe,1
vision video,1
pond,1
yana,1
osa,1
reed wonder & aurora olivas,1
ampers&one,1
sion,1
lauren spencer-smith,1
im nayeon,1
zoe osama,1
archer oh,1
unusual demont,1
phendste,1
chloe,1
denis julia,1
numl6ck,1
marina and the diamonds,1
sweatcult,1
rejjie snow,1
iann dior,1
felix ames,1
mexican slumrats,1
10cm,1
solo b,1
sole,1
vince,1
tkay maidza,1
kelela,1
karol g,1
phantom siita,1
reem,1
spencer.,1
jelly roll,1
pearl,1
fontaines dc,1
natori,1
rachael jenkins,1
03 greedo,1
lee.,1
third eye blind,1
p.diddy,1
nafla,1
anson seabra,1
baby cocada,1
fifty fifty,1
i don’t listen to new artists,1
issac dunbar,1
mariachi reynas de los angeles,1
dr peacock,1
sam gellaitry,1
real estate,1
housecall,1
deleon edwards,1
mick jenkins,1
bktherula,1
che,1
kevin karl,1
michael cimino,1
mandy,1
efe,1
ye,1
bad gyal,1
john lennon,1
jessie murph,1
leo,1
wingtip,1
bruno mars lol,1
adore,1
leon bridges,1
ourr,1
jose gonzalez,1
marca mp,1
paw paw rod,1
one direction,1
lodea,1
lullaboy,1
jacob collier,1
orla gartland,1
cupcake,1
kayla darden,1
felix de leon,1
sam fender,1
demxntia,1
cat burns,1
precious pepala,1
conan,1
meat computer,1
rebounder,1
coyote kid,1
sub urban,1
kflay,1
palace floor,1
roman kayz,1
mind's eye,1
erykah badu,1
mqx,1
sorry we’re late,1
tape b,1
injury reserve,1
in between,1
bassnectar,1
glades,1
monaleo,1
yihae,1
idfk lucki,1
plave,1
tydi,1
winnetka bowling league,1
joshwa,1
devon gabriella,1
miike snow,1
jesse welles,1
beabodoobee,1
zacari,1
fujii kaze,1
oral gartland,1
dax flame,1
ironmouse,1
lykke li,1
xelishurt,1
foztide,1
"i apologize for being a bit too mainstream :,)",1
young cocoa,1
lauefy,1
xenia,1
j. tajor,1
i am fine with any,1
divina jasso,1
dr. heisenbone's acid bath,1
foglake,1
engelwood,1
jazmine sullivan,1
burna boy,1
tanukichan,1
#gatekeeping,1
brynne,1
cal scruby,1
halo kitsch,1
grey d,1
blanco,1
maneskin,1
day6,1
teejayx6,1
chung ha,1
2danji,1
sumo waterhouse,1
5 seconds of summer,1
parker jack,1
1takejay,1
nell mescal,1
poomplamoose,1
deftones,1
bea miller,1
navy blue,1
duckwrth,1
glare,1
m60,1
joost klein,1
dr. peacock,1
phillip phillips,1
mahalia,1
woosung,1
svchucky,1
bunt,1
aziya,1
yndling,1
the family crest,1
amira elfeky,1
kacchan,1
allison russel,1
natalie imbruglia,1
loud luxury,1
colde,1
subtronics pls,1
nomad,1
joyce wright,1
baby storme,1
usher,1
jhin,1
the poles,1
jamie miller,1
we are the night,1
lisa ono,1
luna,1
bolaji,1
free nationals,1
kimmy pidazo,1
title fight,1
salem ilese,1
giving perez,1
six of spades,1
j boog,1
vtoroi ka,1
stay outside,1
chance the rapper,1
mia rodriguez,1
andruss,1
goldlink,1
i am so sorry,1
glokk40spaz,1
trampolin,1
coco joans,1
kodaline,1
crane wives,1
dpr,1
starberry,1
coldplay,1
maeta,1
bad badnotgood,1
pity party,1
paper idol,1
atti culture,1
boygenuis,1
roger clyne & the peacemakers,1
pierce the veil,1
yuna,1
zimmz,1
smother,1
momma,1
rav + kill bill,1
don diablo,1
dazy,1
pretty jane,1
gatlin,1
meenoi,1
daniel,1
stephanie poetri,1
set it off(?),1
audrey nuba,1
fia,1
dvwn,1
madison mcferrin,1
lazerdim,1
shing02,1
basement,1
the alton’s & sinseers,1
kashbocks,1
akai solo,1
xinxin,1
coast contra,1
ferdous,1
8ro8,1
stand atlantic,1
andy shauf,1
juile,1
daniel jikal,1
cobrah,1
poppy,1
songer,1
banoffee,1
the heavy,1
luke chaing,1
anyma,1
interplanetary criminal,1
carter ace,1
ella langley,1
lone the ghost,1
bridget mendler,1
tom cardy,1
jairbaby,1
ruby sparks,1
ricscales and dj root,1
sapphire gray,1
lil shine,1
poets of the fall,1
fullcrate,1
sidney gish,1
george clanton,1
madeline the person,1
michelle,1
anorak,1
no,1
blank space,1
hohyun,1
kyle thorton and the company,1
annika bennett,1
diljit dosanjh,1
jdk,1
gesaffelstein,1
ariel,1
luisa marion,1
alix page,1
kwasi kao,1
janani k. jha,1
johnny manchild and the poor bastards,1
floweroflove,1
ebk jaaybo,1
sam gelliatry,1
tg.blk,1
gabriela bee,1
beeson,1
halsey,1
rose,1
delorians,1
keane,1
jorja smith,1
ale araya,1
idrk any,1
lucys,1
larry june,1
e\/3,1
jdab,1
adrienne kenner,1
bss,1
talos,1
sullivan king,1
morissette,1
rachel sandy,1
telykast,1
bea and her business,1
mazzy star,1
no guidnce,1
the arkangels,1
chris james,1
dosii,1
riordan,1
khloe rose,1
milky day,1
the crying nudes,1
the shed,1
figure it out band,1
allen stone,1
miley cyrus,1
jaykeo,1
ez mil,1
gracie abrhams,1
drusky,1
okpop,1
clubhouse,1
nafta,1
ferxxo,1
i’m not niche enough to list anything here,1
alice phobe lou,1
mild high club,1
elliot james reay,1
brandon,1
rio,1
sabrea aijalon curiel,1
damian carroll,1
solya,1
bonavega,1
allison pointier,1
corey lingo,1
hedex,1
nocandy,1
kailash kher,1
reverie,1
tally hall,1
8bite,1
i don't know,1
persian people,1
jenna raine,1
ethan french,1
cosmo pyke,1
echo huang,1
bulldoze,1
israel’s arcade,1
claud,1
rels b,1
sessa,1
jereena montemayor,1
topeka clementine,1
alexandra savior,1
sg lewis,1
otha,1
esteban gabriel,1
jakobs castle,1
naomi jon,1
grupo marca registrada,1
kyle lux,1
nicole han,1
meet me @ the alter,1
the peachskins,1
awakebutstillinbed,1
humble the great,1
blaketheman1000,1
mickey darling,1
jade thirlwall,1
the linda lindas,1
alice pheobe luo,1
aidan diaz,1
dora jar,1
cher,1
josh ross,1
francis blume,1
3lh,1
amee,1
stephen stanley,1
artic monkeys,1
washed out,1
lexi gates,1
deadmau5,1
gojira,1
modern baseball,1
aeden alvarez,1
vnssa,1
alici,1
dhrub,1
j.taylor,1
kaleo,1
kuber vasuki,1
puree,1
elephant gym,1
captain moon & the silver spoons,1
ivy knight,1
samia,1
cosmos demos,1
a.g cook,1
wynne,1
wanmor,1
ak bandamont,1
joey valence and brae,1
sophie ellis bextor,1
halocene,1
spelling,1
kid quill,1
naomi sharon,1
dead emerson,1
sitting on stacy,1
rudy deanda,1
winter from aespa,1
girli,1
itzy,1
moonbyul,1
ishan,1
tate,1
lilhero,1
tino szn,1
trip carter,1
lu kala,1
sleepy hallow,1
big time rush,1
muo duo,1
elephante,1
coucou chloe,1
the warning,1
plumskin,1
alex isley,1
balu brigada,1
bird photos,1
the backstreet lovers,1
bears in trees,1
rocco or thuy,1
yunomiles,1
wyatt flores,1
love all,1
rose tinted glasses,1
ryan caraveo,1
sofya wang,1
bino rideaux,1
mac aryes,1
gemini syndrome,1
jaylon ashaun,1
cluadia,1
chrissy,1
the sacred souls,1
destiny rogers,1
thxsomch,1
kwn,1
n’a,1
belaganas,1
quinn xcii,1
eve,1
wasian project,1
austin giorgio,1
conner price,1
brenn,1
tws,1
baby tate,1
noizu,1
thornhill,1
pouya,1
billy vicente,1
wet leg,1
julio cesar,1
nokia angel,1
henry morris,1
bring,1
orangutang,1
troy javelona,1
carwash / postcard boy,1
beach bums,1
jane & the boy,1
melodys echo chamber,1
lyle kam,1
jarimoquai,1
howard lee,1
sasha sloan,1
adrian lyles,1
black pumas,1
ogi,1
bas,1
tamino amir,1
skegss,1
imase,1
destroy boring,1
netstpend,1
balancing act,1
khantrast,1
rare americans,1
mgmt,1
haku.,1
wale the sage,1
tyler man,1
don’t know,1
estevie,1
priya mani,1
asake,1
stephen dawes,1
luke bryan,1
return to dust,1
cloudyfield,1
ravyn lae,1
haley heyenderickx,1
boylife,1
lee youngji,1
forester,1
aeon:mode,1
javi vera,1
carly rae jepsen,1
none as such,1
maggie lindemann,1
adriel,1
vipershawty,1
zekk,1
ejean,1
black tiger sex machine,1
clinton kane,1
yao,1
alice lou phoebe,1
its murph,1
bbyrikz,1
loathe,1
laszewo,1
the doozers,1
mavi,1
burn the ballroom,1
the pink flamingos,1
nct 127,1
julie band,1
the linda linda’s,1
i got none,1
daniel seavy,1
sob x rbe,1
dasha,1
bebadoobe,1
shore line mafia,1
slayyyter,1
feeble little horse,1
mannequin pussy,1
jasmine bean,1
anotr,1
eileenalister,1
oklou,1
fuji kaze,1
misterwives,1
flor,1
letters to cleo,1
pink sweats,1
innerwave,1
good enough,1
nobu woods,1
newjeans nim,1
wild rivers,1
french police,1
pom pom squad,1
marluxiam,1
tyler childers,1
kiltro,1
tito double p,1
mason murphy,1
i don’t know how but they found me,1
nep,1
voodoos,1
rosegarden funeral party,1
bicep,1
babygirl,1
tsu nami,1
evnne,1
food house,1
salvador peralta,1
artie j,1
nikki,1
col3trane,1
heylog,1
mistki,1
tylerthecreator,1
n-a,1
groovy,1
flight,1
nata,1
audrey mika,1
saint remo drive,1
ahn ye eun,1
sheena ringo,1
presley regier,1
pink siifu,1
moon walker,1
aqyila,1
buboy,1
andy ma,1
lemon bread,1
the faye,1
ateez,1
olen,1
rav,1
shura,1
asumuh under rated tbh,1
sara landry,1
dark dazey,1
143kane,1
bolothedj,1
blondshell,1
the wasia project,1
tai verdes,1
josh makazo,1
amber mark,1
mass of the fermenting dregs,1
ocean heights,1
bizzy banks,1
veez,1
the symposium,1
nick drake,1
keoni usi,1
orange flavored cigarettes,1
swells,1
galantis,1
meldrop,1
ero808,1
suki,1
the brook and the bluff,1
charles leclerc,1
jacks haupt,1
yodeling walmart kid,1
cynthoni,1
motives,1
my chemical romance,1
goody grace,1
stella jang,1
matthew lfield,1
symposium,1
the growlers,1
xinxin planet,1
denn.,1
los campensinos,1
jaja bu,1
henry moodie,1
ber,1
harris harper,1
mj lenderman / wednesday,1
tizzy t,1
honey revenge,1
debeull,1
richie rozex,1
ta thomas,1
august james,1
pinegrove,1
thomas day,1
blue hour,1
searows,1
jordy searcy,1
kieler avery,1
isabel la rosa,1
yaelokre,1
nikc nakk,1
boy in space,1
db.boutabag,1
cruza,1
cranberries,1
nightmare of you,1
gable price and friends,1
gigi prezes,1
push ups,1
nina estrada,1
shadesofblue,1
montel fish,1
sto cultr,1
frost children,1
the head and the heart,1
elyse black,1
ash island,1
&team,1
haarper,1
contradash,1
frada,1
bluhd,1
kimi carter,1
100 gecs,1
jiwoo,1
lcn,1
jordy,1
swsh,1
grandson,1
major jordan,1
gareth. t,1
unflirt,1
"fat, evil children",1
audrey huynh,1
onepact,1
humankind,1
leon,1
penelope road,1
varsity,1
alina baraz,1
mykey,1
vulfpeck,1
the magnificent electric,1
bossa,1
quannnic,1
eddie benjamin,1
aimyon,1
raeveena,1
best coast,1
clay birds,1
albert posis,1
natalie jane,1
domkraft,1
ryan woods,1
juanpalitoschinos,1
klangkuenstler,1
shallow water blackout,1
exociety,1
electric youth,1
akira khan,1
ace of base,1
tiff day,1
yaeji,1
kidz at play,1
nico moreno,1
samara joy,1
xanubis,1
weeekly,1
clay and friends,1
jstjr,1
avalon lurks,1
will jay,1
"dream, ivory",1
chika,1
frank walker,1
camo,1
thee altons,1
joeyy,1
boys world,1
jaguar milk,1
hayden,1
tamino,1
radiohead,1
night tapes,1
jack and jack,1
phoneboy,1
emilia mernes,1
bol4,1
hol,1
"starfall, bixby, joon",1
reol,1
anita velveeta,1
rad museum,1
the pica beats,1
tito doble p,1
beach house,1
emilia,1
kenny mason,1
darcy moran,1
cautious clay,1
matroda,1
crys,1
jxdn,1
coco and clairclair,1
fridayy,1
perry masun,1
kb,1
dont,1
the altons,1
fairlane,1
lossemble,1
the lemon twigs,1
caamp,1
girl scout,1
berryblue,1
gina miles,1
royal otis,1
nova,1
madison beer,1
jesse jo stark,1
ben reilly,1
jordan adetunji,1
rose garden funeral party,1
chatterton,1
sim0ne,1
benson boon,1
chloe berry,1
deb never,1
hardrock,1
freddie gibbs,1
elias,1
roisee,1
subradio,1
bursters,1
ayanna,1
sorry,1
bjork,1
kawaii steez,1
trivecta,1
american authors,1
duki,1
avenoir (?),1
part time,1
boostive,1
martin campbell,1
jssr,1
cobra man,1
weatherday,1
mj lenderman,1
leanna firestone,1
wizkid,1
one,1
frank sativa,1
sammy rae & the friends,1
tofusmell,1
any kpop,1
sports,1
katseyes,1
fleeting joys,1
girl in red,1
james tw,1
punchmade dev,1
suggi,1
luis r conriquez,1
britti,1
lowertown,1
pickle,1
noa,1
khaki kid,1
jinjer,1
lewis hamilton,1
rhea raj,1
chris stussy,1
evv,1
neko case,1
lauren babic,1
games we play,1
cold cut,1
girl ultra,1
rocket,1
xana,1
wuki,1
sunscreen,1
emanuell cortes,1
adam port / keinemusik,1
rauw,1
sampa the great,1
marc e bassy,1
policias y ladrones,1
xikers,1
argy,1
310 babiii,1
shawn mendes,1
serpentwithfeet,1
wimy,1
delilah montagu,1
feist,1
caroline polacheck,1
khai dreams,1
shotgun willy,1
daniel ceased,1
slenderbodies,1
"again,",1
pretty boy aaron,1
juicy black,1
siames,1
akmu,1
zolita,1
michael kiwanuka,1
nurnberg,1
estelle allen,1
kai cenat,1
willow smith,1
sir chole,1
torren foot,1
armand van helden,1
caskets,1
evilgiane,1
small talk,1
sorry ghost,1
chloe moriondo,1
black country new road,1
marcellina,1
the ivy,1
lebron james,1
mogy,1
big theif,1
ghost crew,1
omar opollo,1
lil skies,1
push baby,1
apo hiking society,1
snake pool,1
max styler,1
zoe ko,1
sword ii,1
dorian electra,1
purity ring,1
lsdream,1
sublime,1
tv on the radio,1
storm orchestra,1
cannons,1
sunday scaries,1
alai,1
teddy swims,1
ferris pier,1
the japanese breakfast,1
luuk van djik,1
yg marley,1
gladys,1
2003 toyota corolla,1
lavern,1
schoolgirl byebye,1
the sha la das,1
niall horan,1
rufus du sol,1
laci kaye booth,1
cykim,1
sam nelson harris,1
barbed wire barbie,1
bachelor,1
mareux,1
whisnu santika,1
gabriel,1
jockstrap,1
will hall,1
new hope club,1
chow lee,1
addison grace,1
"chicano batman,",1
liam payne,1
boy harsher,1
aries,1
inconsistent me,1
victoria money,1
folk botch trio,1
jason ross,1
palace,1
go,1
atarashi gakko,1
a boogie with da hoodie,1
polo & pan,1
micheal sanzone,1
jejw,1
tennis,1
red clay strays,1
kristiane,1
tiny yawn,1
afternoon brunch,1
lenni kim,1
a,1
gracie abrmas,1
kwon eun bi,1
joseph vincent,1
tyle childers,1
parzival,1
twrp,1
nodisco,1
schoolgirl bye-bye,1
"n.n./,n",1
tschabalala self,1
jax nwalor,1
arcy drive,1
jay worthy,1
gracie abram’s,1
just,1
shreea kaul,1
earthgang,1
marianne beaulieu,1
esha tewari,1
odunsi,1
club boybnd,1
ryael,1
destructo disk,1
waterparks,1
eliza mclamb,1
nic d,1
bryant banes,1
sure sure,1
lucidbeatz,1
beabadovee,1
omar apallo,1
the greeting committee,1
roe kapara,1
hobo johnson,1
1tbsp,1
bygones,1
avery lynch,1
her new knife,1
hayd,1
fritz hager,1
joel sunny,1
rachel chinoriri,1
emily miao animator,1
aron,1
breakup shoes,1
sara kays,1
bbirdd,1
tobi lou,1
rochelle jordan,1
eli winders,1
vayda,1
savage ga$p,1
hollow coves,1
aluna,1
elijah woods,1
ap dhillon,1
hila,1
kessoku band,1
jaden,1
sirup,1
raven lenae,1
pilot touhil,1
erika de casier,1
amindi,1
not,1
nathan sharp,1
niko rubio,1
inoha,1
korn,1
new aesthetic,1
emi grace,1
telenova,1
ainjo,1
mikah,1
glixen,1
lord sko,1
hot milk,1
hako,1
mura masa,1
luude,1
night cereal,1
tessa violet,1
fletcher,1
thee marloes,1
new west,1
willis,1
faye,1
k suave,1
boyish,1
tinx,1
tsar b,1
zach bryan,1
day wave,1
wave &rome,1
sagong,1
los nuevos chavos,1
luvcat,1
joan,1
someone,1
pippa crossland,1
in the valley below,1
radmuseum,1
dan+shay,1
lilflamingo,1
lexi jayde,1
mach-hommie,1
rebby,1
mili,1
claudia,1
jeon ji hee,1
jeff satur,1
trestles,1
osn,1
brent faiyez,1
ruth b,1
psychic fever,1
franz ferdinand,1
kwaye,1
dylan gosset,1
greentea peng,1
path,1
claire,1
trndytrndy,1
johnny yukon,1
yonlapa,1
637godwin,1
jake,1
jenson mcrae,1
you know,1
niontay/454,1
weiland,1
ed maverick,1
ashnikko,1
masiwei,1
saint avangeline,1
autumn,1
younha,1
muchi,1
shakey graves,1
cassie,1
kids that fly,1
moneybagg yo,1
justin park,1
san pacho,1
remo drive,1
nightly,1
holy wars,1
julia michaels,1
huddy,1
hernewknife,1
brooke alexx,1
sonder,1
the jins,1
raon,1
justin nech,1
key,1
tobiahs,1
yt & lancey,1
kuwada,1
louis tomlinson,1
galaxie 500,1
last dinosaurs,1
roddy ricch,1
nesya,1
bubble tea and cigarettes,1
bimini,1
^,1
des rocs,1
the regrettes,1
babymetal,1
grouptherapy,1
db boutabag,1
suzi,1
luke chang,1
ohgeesy,1
doll riot,1
dev lemons,1
taylor hill,1
stevie b,1
emily yacina,1
akasaki,1
aimer,1
chloe ament,1
barns courtney,1
j-hope,1
vikkstar123,1
cowboyy,1
waxahatchee,1
crisaunt,1
the diz,1
